<?xml version="1.0" encoding="UTF-8"?>
<!DOCTYPE mapper PUBLIC "-//mybatis.org//DTD Mapper 3.0//EN" "http://mybatis.org/dtd/mybatis-3-mapper.dtd">
<mapper namespace="com.blog.mapper.ArticleMapper">

    <!-- 基础结果映射 -->
    <resultMap id="BaseResultMap" type="com.blog.entity.Article">
        <id column="id" property="id" />
        <result column="title" property="title" />
        <result column="content" property="content" />
        <result column="html_content" property="htmlContent" />
        <result column="summary" property="summary" />
        <result column="cover_image" property="coverImage" />
        <result column="view_count" property="viewCount" />
        <result column="comment_count" property="commentCount" />
        <result column="status" property="status" />
        <result column="created_at" property="createdAt" />
        <result column="updated_at" property="updatedAt" />
        <!-- 作者信息 -->
        <association property="user" javaType="com.blog.entity.User">
            <id column="user_id" property="id" />
            <result column="username" property="username" />
            <result column="nickname" property="nickname" />
            <result column="avatar" property="avatar" />
        </association>
        <!-- 分类信息 -->
        <association property="category" javaType="com.blog.entity.Category">
            <id column="category_id" property="id" />
            <result column="category_name" property="name" />
            <result column="category_type" property="type" />
        </association>
    </resultMap>

    <!-- 根据 ID 查询文章，包含作者、分类和标签信息 -->
    <select id="findByIdWithDetails" parameterType="java.lang.Long" resultMap="BaseResultMap">
        SELECT 
            a.*, 
            u.username, u.nickname, u.avatar,
            c.id as category_id, c.name as category_name, c.type as category_type
        FROM article a
        LEFT JOIN user u ON a.user_id = u.id
        LEFT JOIN category c ON a.category_id = c.id
        WHERE a.id = #{id}
    </select>

    <!-- 查询文章列表，包含作者、分类和标签信息 -->
    <select id="findAllWithDetails" parameterType="java.lang.String" resultMap="BaseResultMap">
        SELECT 
            a.*, 
            u.username, u.nickname, u.avatar,
            c.id as category_id, c.name as category_name, c.type as category_type
        FROM article a
        LEFT JOIN user u ON a.user_id = u.id
        LEFT JOIN category c ON a.category_id = c.id
        <where>
            <if test="status != null and status != ''">
                AND a.status = #{status}
            </if>
        </where>
        ORDER BY a.created_at DESC
    </select>

    <!-- 根据分类 ID 查询文章列表 -->
    <select id="findByCategoryId" resultMap="BaseResultMap">
        SELECT 
            a.*, 
            u.username, u.nickname, u.avatar,
            c.id as category_id, c.name as category_name, c.type as category_type
        FROM article a
        LEFT JOIN user u ON a.user_id = u.id
        LEFT JOIN category c ON a.category_id = c.id
        WHERE a.category_id = #{categoryId}
        <if test="status != null and status != ''">
            AND a.status = #{status}
        </if>
        ORDER BY a.created_at DESC
    </select>

    <!-- 根据标签 ID 查询文章列表 -->
    <select id="findByTagId" resultMap="BaseResultMap">
        SELECT 
            a.*, 
            u.username, u.nickname, u.avatar,
            c.id as category_id, c.name as category_name, c.type as category_type
        FROM article a
        LEFT JOIN user u ON a.user_id = u.id
        LEFT JOIN category c ON a.category_id = c.id
        JOIN article_tag at ON a.id = at.article_id
        WHERE at.tag_id = #{tagId}
        <if test="status != null and status != ''">
            AND a.status = #{status}
        </if>
        ORDER BY a.created_at DESC
    </select>

    <!-- 更新文章浏览量 -->
    <update id="incrementViewCount" parameterType="java.lang.Long">
        UPDATE article SET view_count = view_count + 1 WHERE id = #{id}
    </update>

    <!-- 更新文章评论数 -->
    <update id="updateCommentCount">
        UPDATE article SET comment_count = comment_count + #{increment} WHERE id = #{id}
    </update>

</mapper>
